{
  "index": "/index.html",
  "assetGroups": [
    {
      "name": "app-shell",
      "installMode": "prefetch",
      "updateMode": "prefetch",
      "resources": {
        "files": [
          "/index.html",
          "/pwa-manifest.json",
          "/app/search/search-worker.js",
          "/assets/images/favicons/favicon.ico",
          "/assets/js/*.js",
          "/*.css",
          "/*.js"
        ],
        "urls": [
          "https://fonts.googleapis.com/**",
          "https://fonts.gstatic.com/s/**",
          "https://maxcdn.bootstrapcdn.com/**"
        ]
      }
    }, {
      "name": "assets-eager",
      "installMode": "prefetch",
      "updateMode": "prefetch",
      "resources": {
        "files": [
          "/assets/images/**",
          "/generated/images/marketing/**",
          "!/assets/images/favicons/**",
          "!/**/_unused/**",
          "!/assets/images/marble-diagrams/**"
        ]
      }
    }, {
      "name": "assets-lazy",
      "installMode": "lazy",
      "updateMode": "prefetch",
      "resources": {
        "files": [
          "/assets/images/favicons/**",
          "/generated/ie-polyfills.min.js",
          "!/**/_unused/**"
        ]
      }
    }, {
      "name": "docs-index",
      "installMode": "prefetch",
      "updateMode": "prefetch",
      "resources": {
        "files": [
          "/generated/*.json",
          "/generated/docs/*.json",
          "/generated/docs/api/api-list.json",
          "/generated/docs/app/search-data.json"
        ]
      }
    }, {
      "name": "docs-lazy",
      "installMode": "lazy",
      "updateMode": "lazy",
      "resources": {
        "files": [
          "/generated/docs/**/*.json",
          "/generated/images/**",
          "!/**/_unused/**"
        ]
      }
    }, {
      "name": "marble-diagrams",
      "installMode": "lazy",
      "updateMode": "lazy",
      "resources": {
        "files": [
          "/assets/images/marble-diagrams/**"
        ]
      }
    }
  ]
}
